<?xml version="1.0" encoding="utf-8"?>
<!--/2752474/1265677/2.50/11/2/Connector/-->
<quadcept_library>
  <setting unit="mil" />
  <textstyle name="Default" height="47.244094488189" strokewidth="7.8740157480315" charwidth="47.244094488189" />
  <textstyle name="Dimension" height="19.6850393700787" strokewidth="0" charwidth="19.6850393700787" />
  <textstyle name="H127W0635TH00762" height="50" strokewidth="3" charwidth="25" />
  <textstyle name="H15W15TH02" height="59.0551181102362" strokewidth="7.8740157480315" charwidth="59.0551181102362" />
  <padstyle name="c150_h100" surface="False" plated="True" isvia="False" nopaste="True" nomask="True" complex="False" holesize="39.370078740157">
    <padshape layer="TOP" shape="round" width="59.055118110235" height="59.055118110235" />
    <padshape layer="TOP_SOLDER_MASK" shape="round" width="66.929133858267" height="66.929133858267" />
    <padshape layer="INNER" shape="round" width="59.055118110235" height="59.055118110235" />
    <padshape layer="BOTTOM" shape="round" width="59.055118110235" height="59.055118110235" />
    <padshape layer="BOTTOM_SOLDER_MASK" shape="round" width="66.929133858267" height="66.929133858267" />
  </padstyle>
  <padstyle name="c457.5_h305" surface="False" plated="True" isvia="False" nopaste="True" nomask="True" complex="False" holesize="120.07874015748">
    <padshape layer="TOP" shape="round" width="180.11811023622" height="180.11811023622" />
    <padshape layer="TOP_SOLDER_MASK" shape="round" width="187.99212598425" height="187.99212598425" />
    <padshape layer="INNER" shape="round" width="180.11811023622" height="180.11811023622" />
    <padshape layer="BOTTOM" shape="round" width="180.11811023622" height="180.11811023622" />
    <padshape layer="BOTTOM_SOLDER_MASK" shape="round" width="187.99212598425" height="187.99212598425" />
  </padstyle>
  <footprint name="L717SDE09PA4CH4F2" originx="0" originy="0" pickpointx="0" pickpointy="0">
    <pcbpin number="1" name="1" style="c150_h100" originx="-0" originy="0" rotation="90" />
    <pcbpin number="2" name="2" style="c150_h100" originx="109.05511811023" originy="0" rotation="90" />
    <pcbpin number="3" name="3" style="c150_h100" originx="218.11023622047" originy="0" rotation="90" />
    <pcbpin number="4" name="4" style="c150_h100" originx="327.1653543307" originy="0" rotation="90" />
    <pcbpin number="5" name="5" style="c150_h100" originx="436.22047244094" originy="0" rotation="90" />
    <pcbpin number="6" name="6" style="c150_h100" originx="54.527559055117" originy="-111.81102362205" rotation="90" />
    <pcbpin number="7" name="7" style="c150_h100" originx="163.58267716535" originy="-111.81102362205" rotation="90" />
    <pcbpin number="8" name="8" style="c150_h100" originx="272.63779527559" originy="-111.81102362205" rotation="90" />
    <pcbpin number="9" name="9" style="c150_h100" originx="381.69291338582" originy="-111.81102362205" rotation="90" />
    <pcbpin number="10" name="MH1" style="c457.5_h305" originx="-273.81889763779" originy="-55.905511811023" rotation="90" />
    <pcbpin number="11" name="MH2" style="c457.5_h305" originx="710.03937007873" originy="-55.905511811023" rotation="90" />
    <line layer="TOP_ASSEMBLY" originx="-388.38582677165" originy="-430.70866141732" endx="824.60629921259" endy="-430.70866141732" width="3.9370078740157" />
    <line layer="TOP_ASSEMBLY" originx="824.60629921259" originy="-430.70866141732" endx="824.60629921259" endy="61.417322834645" width="3.9370078740157" />
    <line layer="TOP_ASSEMBLY" originx="824.60629921259" originy="61.417322834645" endx="-388.38582677165" endy="61.417322834645" width="3.9370078740157" />
    <line layer="TOP_ASSEMBLY" originx="-388.38582677165" originy="61.417322834645" endx="-388.38582677165" endy="-430.70866141732" width="3.9370078740157" />
    <line layer="TOP_SILKSCREEN" originx="-388.38582677165" originy="61.417322834645" endx="824.60629921259" endy="61.417322834645" width="7.8740157480314" />
    <line layer="TOP_SILKSCREEN" originx="824.60629921259" originy="61.417322834645" endx="824.60629921259" endy="-430.70866141732" width="7.8740157480314" />
    <line layer="TOP_SILKSCREEN" originx="824.60629921259" originy="-430.70866141732" endx="-388.38582677165" endy="-430.70866141732" width="7.8740157480314" />
    <line layer="TOP_SILKSCREEN" originx="-388.38582677165" originy="-430.70866141732" endx="-388.38582677165" endy="61.417322834645" width="7.8740157480314" />
    <line layer="TOP_ASSEMBLY" originx="-114.96062992126" originy="-430.70866141732" endx="551.1811023622" endy="-430.70866141732" width="3.9370078740157" />
    <line layer="TOP_ASSEMBLY" originx="551.1811023622" originy="-430.70866141732" endx="551.1811023622" endy="-670.86614173228" width="3.9370078740157" />
    <line layer="TOP_ASSEMBLY" originx="551.1811023622" originy="-670.86614173228" endx="-114.96062992126" endy="-670.86614173228" width="3.9370078740157" />
    <line layer="TOP_ASSEMBLY" originx="-114.96062992126" originy="-670.86614173228" endx="-114.96062992126" endy="-430.70866141732" width="3.9370078740157" />
    <line layer="TOP_SILKSCREEN" originx="-114.96062992126" originy="-430.70866141732" endx="551.1811023622" endy="-430.70866141732" width="7.8740157480314" />
    <line layer="TOP_SILKSCREEN" originx="551.1811023622" originy="-430.70866141732" endx="551.1811023622" endy="-670.86614173228" width="7.8740157480314" />
    <line layer="TOP_SILKSCREEN" originx="551.1811023622" originy="-670.86614173228" endx="-114.96062992126" endy="-670.86614173228" width="7.8740157480314" />
    <line layer="TOP_SILKSCREEN" originx="-114.96062992126" originy="-670.86614173228" endx="-114.96062992126" endy="-430.70866141732" width="7.8740157480314" />
    <line layer="TOP_ASSEMBLY" originx="-352.55905511811" originy="-430.70866141732" endx="-195.07874015748" endy="-430.70866141732" width="3.9370078740157" />
    <line layer="TOP_ASSEMBLY" originx="-195.07874015748" originy="-430.70866141732" endx="-195.07874015748" endy="-659.05511811023" width="3.9370078740157" />
    <line layer="TOP_ASSEMBLY" originx="-195.07874015748" originy="-659.05511811023" endx="-352.55905511811" endy="-659.05511811023" width="3.9370078740157" />
    <line layer="TOP_ASSEMBLY" originx="-352.55905511811" originy="-659.05511811023" endx="-352.55905511811" endy="-430.70866141732" width="3.9370078740157" />
    <line layer="TOP_SILKSCREEN" originx="-352.55905511811" originy="-430.70866141732" endx="-195.07874015748" endy="-430.70866141732" width="7.8740157480314" />
    <line layer="TOP_SILKSCREEN" originx="-195.07874015748" originy="-430.70866141732" endx="-195.07874015748" endy="-659.05511811023" width="7.8740157480314" />
    <line layer="TOP_SILKSCREEN" originx="-195.07874015748" originy="-659.05511811023" endx="-352.55905511811" endy="-659.05511811023" width="7.8740157480314" />
    <line layer="TOP_SILKSCREEN" originx="-352.55905511811" originy="-659.05511811023" endx="-352.55905511811" endy="-430.70866141732" width="7.8740157480314" />
    <line layer="TOP_ASSEMBLY" originx="631.29921259842" originy="-430.70866141732" endx="788.77952755905" endy="-430.70866141732" width="3.9370078740157" />
    <line layer="TOP_ASSEMBLY" originx="788.77952755905" originy="-430.70866141732" endx="788.77952755905" endy="-659.05511811023" width="3.9370078740157" />
    <line layer="TOP_ASSEMBLY" originx="788.77952755905" originy="-659.05511811023" endx="631.29921259842" endy="-659.05511811023" width="3.9370078740157" />
    <line layer="TOP_ASSEMBLY" originx="631.29921259842" originy="-659.05511811023" endx="631.29921259842" endy="-430.70866141732" width="3.9370078740157" />
    <line layer="TOP_SILKSCREEN" originx="631.29921259842" originy="-430.70866141732" endx="788.77952755905" endy="-430.70866141732" width="7.8740157480314" />
    <line layer="TOP_SILKSCREEN" originx="788.77952755905" originy="-430.70866141732" endx="788.77952755905" endy="-659.05511811023" width="7.8740157480314" />
    <line layer="TOP_SILKSCREEN" originx="788.77952755905" originy="-659.05511811023" endx="631.29921259842" endy="-659.05511811023" width="7.8740157480314" />
    <line layer="TOP_SILKSCREEN" originx="631.29921259842" originy="-659.05511811023" endx="631.29921259842" endy="-430.70866141732" width="7.8740157480314" />
    <line layer="TOP_PLACE_BOUND" originx="-427.75590551181" originy="100.7874015748" endx="863.97637795275" endy="100.7874015748" width="3.9370078740157" />
    <line layer="TOP_PLACE_BOUND" originx="863.97637795275" originy="100.7874015748" endx="863.97637795275" endy="-710.23622047243" width="3.9370078740157" />
    <line layer="TOP_PLACE_BOUND" originx="863.97637795275" originy="-710.23622047243" endx="-427.75590551181" endy="-710.23622047243" width="3.9370078740157" />
    <line layer="TOP_PLACE_BOUND" originx="-427.75590551181" originy="-710.23622047243" endx="-427.75590551181" endy="100.7874015748" width="3.9370078740157" />
    <line layer="TOP_SILKSCREEN" originx="-0" originy="86.614173228345" endx="-0" endy="86.614173228345" width="7.8740157480314" />
    <arc layer="TOP_SILKSCREEN" originx="1.6391087961985E-15" originy="84.645669291338" startangle="90.0" sweepangle="-180.0" radius="1.9685039370079" width="7.8740157480314" />
    <line layer="TOP_SILKSCREEN" originx="0" originy="82.67716535433" endx="0" endy="82.67716535433" width="7.8740157480314" />
    <arc layer="TOP_SILKSCREEN" originx="1.6391087961985E-15" originy="84.645669291338" startangle="-90.0" sweepangle="-180.0" radius="1.9685039370079" width="7.8740157480314" />
    <line layer="TOP_SILKSCREEN" originx="0" originy="86.614173228345" endx="0" endy="86.614173228345" width="7.8740157480314" />
    <arc layer="TOP_SILKSCREEN" originx="1.6391087961985E-15" originy="84.645669291338" startangle="90.0" sweepangle="180.0" radius="1.9685039370079" width="7.8740157480314" />
  </footprint>
  <symbol name="L717SDE09PA4CH4F2" originx="0" originy="0">
    <line originx="200" originy="300" endx="800" endy="300" width="0" />
    <line originx="800" originy="-300" endx="800" endy="300" width="0" />
    <line originx="800" originy="-300" endx="200" endy="-300" width="0" />
    <line originx="200" originy="300" endx="200" endy="-300" width="0" />
    <sympin number="1" originx="300" originy="300" rotation="90" length="100" width="7.8740157480315" flipped="False">
      <text name="pinname" originx="300" originy="270" style="Default" rotation="0" justify="right" flipped="False" hidden="False" data="1" />
      <text name="pindes" originx="280" originy="360" style="Default" rotation="0" justify="lowerleft" flipped="False" hidden="False" data="1" />
    </sympin>
    <sympin number="2" originx="400" originy="300" rotation="90" length="100" width="7.8740157480315" flipped="False">
      <text name="pinname" originx="400" originy="270" style="Default" rotation="0" justify="right" flipped="False" hidden="False" data="2" />
      <text name="pindes" originx="380" originy="360" style="Default" rotation="0" justify="lowerleft" flipped="False" hidden="False" data="2" />
    </sympin>
    <sympin number="3" originx="500" originy="300" rotation="90" length="100" width="7.8740157480315" flipped="False">
      <text name="pinname" originx="500" originy="270" style="Default" rotation="0" justify="right" flipped="False" hidden="False" data="3" />
      <text name="pindes" originx="480" originy="360" style="Default" rotation="0" justify="lowerleft" flipped="False" hidden="False" data="3" />
    </sympin>
    <sympin number="4" originx="600" originy="300" rotation="90" length="100" width="7.8740157480315" flipped="False">
      <text name="pinname" originx="600" originy="270" style="Default" rotation="0" justify="right" flipped="False" hidden="False" data="4" />
      <text name="pindes" originx="580" originy="360" style="Default" rotation="0" justify="lowerleft" flipped="False" hidden="False" data="4" />
    </sympin>
    <sympin number="5" originx="700" originy="300" rotation="90" length="100" width="7.8740157480315" flipped="False">
      <text name="pinname" originx="700" originy="270" style="Default" rotation="0" justify="right" flipped="False" hidden="False" data="5" />
      <text name="pindes" originx="680" originy="360" style="Default" rotation="0" justify="lowerleft" flipped="False" hidden="False" data="5" />
    </sympin>
    <sympin number="6" originx="300" originy="-300" rotation="270" length="100" width="7.8740157480315" flipped="False">
      <text name="pinname" originx="300" originy="-270" style="Default" rotation="0" justify="left" flipped="False" hidden="False" data="6" />
      <text name="pindes" originx="280" originy="-360" style="Default" rotation="0" justify="lowerright" flipped="False" hidden="False" data="6" />
    </sympin>
    <sympin number="7" originx="400" originy="-300" rotation="270" length="100" width="7.8740157480315" flipped="False">
      <text name="pinname" originx="400" originy="-270" style="Default" rotation="0" justify="left" flipped="False" hidden="False" data="7" />
      <text name="pindes" originx="380" originy="-360" style="Default" rotation="0" justify="lowerright" flipped="False" hidden="False" data="7" />
    </sympin>
    <sympin number="8" originx="500" originy="-300" rotation="270" length="100" width="7.8740157480315" flipped="False">
      <text name="pinname" originx="500" originy="-270" style="Default" rotation="0" justify="left" flipped="False" hidden="False" data="8" />
      <text name="pindes" originx="480" originy="-360" style="Default" rotation="0" justify="lowerright" flipped="False" hidden="False" data="8" />
    </sympin>
    <sympin number="9" originx="600" originy="-300" rotation="270" length="100" width="7.8740157480315" flipped="False">
      <text name="pinname" originx="600" originy="-270" style="Default" rotation="0" justify="left" flipped="False" hidden="False" data="9" />
      <text name="pindes" originx="580" originy="-360" style="Default" rotation="0" justify="lowerright" flipped="False" hidden="False" data="9" />
    </sympin>
    <sympin number="10" originx="200" originy="0" rotation="180" length="100" width="7.8740157480315" flipped="False">
      <text name="pinname" originx="230" originy="0" style="Default" rotation="0" justify="left" flipped="False" hidden="False" data="MH1" />
      <text name="pindes" originx="140" originy="20" style="Default" rotation="0" justify="lowerright" flipped="False" hidden="False" data="MH1" />
    </sympin>
    <sympin number="11" originx="800" originy="0" rotation="0" length="100" width="7.8740157480315" flipped="False">
      <text name="pinname" originx="770" originy="0" style="Default" rotation="0" justify="right" flipped="False" hidden="False" data="MH2" />
      <text name="pindes" originx="860" originy="20" style="Default" rotation="0" justify="lowerleft" flipped="False" hidden="False" data="MH2" />
    </sympin>
  </symbol>
  <component name="L717SDE09PA4CH4F2" designatorprefix="J" height="505.90551181102" footprint="L717SDE09PA4CH4F2">
    <comppin designator="1" sympin="1" pinswap="0" gateswap="0" gate="1" group="1" side="" type="Any" name="1" />
    <comppin designator="2" sympin="2" pinswap="0" gateswap="0" gate="1" group="1" side="" type="Any" name="2" />
    <comppin designator="3" sympin="3" pinswap="0" gateswap="0" gate="1" group="1" side="" type="Any" name="3" />
    <comppin designator="4" sympin="4" pinswap="0" gateswap="0" gate="1" group="1" side="" type="Any" name="4" />
    <comppin designator="5" sympin="5" pinswap="0" gateswap="0" gate="1" group="1" side="" type="Any" name="5" />
    <comppin designator="6" sympin="6" pinswap="0" gateswap="0" gate="1" group="1" side="" type="Any" name="6" />
    <comppin designator="7" sympin="7" pinswap="0" gateswap="0" gate="1" group="1" side="" type="Any" name="7" />
    <comppin designator="8" sympin="8" pinswap="0" gateswap="0" gate="1" group="1" side="" type="Any" name="8" />
    <comppin designator="9" sympin="9" pinswap="0" gateswap="0" gate="1" group="1" side="" type="Any" name="9" />
    <comppin designator="MH1" sympin="10" pinswap="0" gateswap="0" gate="1" group="1" side="" type="Any" name="MH1" />
    <comppin designator="MH2" sympin="11" pinswap="0" gateswap="0" gate="1" group="1" side="" type="Any" name="MH2" />
    <attached_symbol gate="1" name="L717SDE09PA4CH4F2" />
    <pinmap designator="1" footprintpin="1" />
    <pinmap designator="2" footprintpin="2" />
    <pinmap designator="3" footprintpin="3" />
    <pinmap designator="4" footprintpin="4" />
    <pinmap designator="5" footprintpin="5" />
    <pinmap designator="6" footprintpin="6" />
    <pinmap designator="7" footprintpin="7" />
    <pinmap designator="8" footprintpin="8" />
    <pinmap designator="9" footprintpin="9" />
    <pinmap designator="MH1" footprintpin="10" />
    <pinmap designator="MH2" footprintpin="11" />
    <text name="Datasheet" originx="0" originy="0" style="Default" rotation="0" justify="" flipped="False" hidden="True" data="https://cdn.amphenol-cs.com/media/wysiwyg/files/drawing/l717sdxxxpa4ch4f2.pdf" />
    <text name="Description" originx="0" originy="0" style="Default" rotation="0" justify="" flipped="False" hidden="True" data="Dsub, Stamped Signal 3A, Right Angle PCB Through Hole, FP=8.08mm (0.318in), Row Pitch 2.84mm, 09 Pin, Flash Gold, Bright Tin Shell+Grounding Dimples, 4-40 Front Screwlock, Ground Tab with 2-fork Boardlocks" />
    <text name="Mouser Part Number" originx="0" originy="0" style="Default" rotation="0" justify="" flipped="False" hidden="True" data="523-717SDE09PA4CH4F2" />
    <text name="Mouser Price/Stock" originx="0" originy="0" style="Default" rotation="0" justify="" flipped="False" hidden="True" data="https://www.mouser.co.uk/ProductDetail/Amphenol-Commercial-Products/L717SDE09PA4CH4F2?qs=ToP8pWlZ0bMPX34iqJL4QQ%3D%3D" />
    <text name="Manufacturer_Name" originx="0" originy="0" style="Default" rotation="0" justify="" flipped="False" hidden="True" data="Amphenol Communications Solutions" />
    <text name="Manufacturer_Part_Number" originx="850" originy="400" style="Default" rotation="0" justify="left" flipped="False" hidden="False" data="L717SDE09PA4CH4F2" />
  </component>
</quadcept_library>
