<?xml version="1.0" encoding="utf-8"?>
<!--/883257/1265677/2.50/6/4/Integrated Circuit/-->
<quadcept_library>
  <setting unit="mil" />
  <textstyle name="Default" height="47.244094488189" strokewidth="7.8740157480315" charwidth="47.244094488189" />
  <textstyle name="Dimension" height="19.6850393700787" strokewidth="0" charwidth="19.6850393700787" />
  <textstyle name="H127W0635TH00762" height="50" strokewidth="3" charwidth="25" />
  <textstyle name="H15W15TH02" height="59.0551181102362" strokewidth="7.8740157480315" charwidth="59.0551181102362" />
  <padstyle name="r216_102" surface="True" plated="False" isvia="False" nopaste="False" nomask="True" complex="False" holesize="0">
    <padshape layer="TOP" shape="rectangle" width="40.15748031496" height="85.039370078739" />
    <padshape layer="TOP_SOLDER_MASK" shape="rectangle" width="48.031496062992" height="92.913385826771" />
    <padshape layer="TOP_SOLDER_PASTE" shape="rectangle" width="40.15748031496" height="85.039370078739" />
  </padstyle>
  <padstyle name="r833_699" surface="True" plated="False" isvia="False" nopaste="False" nomask="True" complex="False" holesize="0">
    <padshape layer="TOP" shape="rectangle" width="275.1968503937" height="327.95275590551" />
    <padshape layer="TOP_SOLDER_MASK" shape="rectangle" width="283.07086614173" height="335.82677165354" />
    <padshape layer="TOP_SOLDER_PASTE" shape="rectangle" width="275.1968503937" height="327.95275590551" />
  </padstyle>
  <padstyle name="r191_123.5" surface="True" plated="False" isvia="False" nopaste="False" nomask="True" complex="False" holesize="0">
    <padshape layer="TOP" shape="rectangle" width="48.622047244094" height="75.1968503937" />
    <padshape layer="TOP_SOLDER_MASK" shape="rectangle" width="56.496062992125" height="83.070866141731" />
    <padshape layer="TOP_SOLDER_PASTE" shape="rectangle" width="48.622047244094" height="75.1968503937" />
  </padstyle>
  <footprint name="KTT0005B" originx="0" originy="0" pickpointx="0" pickpointy="0">
    <pcbpin number="1" name="1" style="r216_102" originx="490.5905511811" originy="-133.85826771653" rotation="90" />
    <pcbpin number="2" name="2" style="r216_102" originx="490.5905511811" originy="-66.929133858267" rotation="90" />
    <pcbpin number="3" name="3" style="r216_102" originx="490.5905511811" originy="0" rotation="90" />
    <pcbpin number="4" name="4" style="r216_102" originx="490.5905511811" originy="66.929133858267" rotation="90" />
    <pcbpin number="5" name="5" style="r216_102" originx="490.5905511811" originy="133.85826771653" rotation="90" />
    <pcbpin number="6" name="6" style="r833_699" originx="70.31496062992" originy="0" rotation="0" />
    <pcbpin number="7" name="7" style="r191_123.5" originx="-29.685039370078" originy="188.2874015748" rotation="90" />
    <pcbpin number="8" name="8" style="r191_123.5" originx="-29.685039370078" originy="-188.2874015748" rotation="90" />
    <line layer="TOP_ASSEMBLY" originx="0" originy="200" endx="340.15748031496" endy="200" width="7.8740157480314" />
    <line layer="TOP_ASSEMBLY" originx="340.15748031496" originy="200" endx="340.15748031496" endy="-200" width="7.8740157480314" />
    <line layer="TOP_ASSEMBLY" originx="340.15748031496" originy="-200" endx="0" endy="-200" width="7.8740157480314" />
    <line layer="TOP_ASSEMBLY" originx="0" originy="-200" endx="0" endy="200" width="7.8740157480314" />
    <line layer="TOP_SILKSCREEN" originx="340.15748031496" originy="-200" endx="340.15748031496" endy="200" width="7.8740157480314" />
    <line layer="TOP_SILKSCREEN" originx="340.15748031496" originy="200" endx="29.763779527559" endy="200" width="7.8740157480314" />
    <line layer="TOP_SILKSCREEN" originx="340.15748031496" originy="-200" endx="29.763779527559" endy="-200" width="7.8740157480314" />
    <arc layer="TOP_SILKSCREEN" originx="572.87401574802" originy="-132.87401574803" startangle="180" sweepangle="180" radius="4.9606299212597" width="7.8740157480314" />
    <arc layer="TOP_SILKSCREEN" originx="572.87401574802" originy="-132.87401574803" startangle="180" sweepangle="-180" radius="4.9606299212597" width="7.8740157480314" />
  </footprint>
  <symbol name="LM2576HVS-5.0" originx="0" originy="0">
    <line originx="200" originy="100" endx="1200" endy="100" width="0" />
    <line originx="1200" originy="-300" endx="1200" endy="100" width="0" />
    <line originx="1200" originy="-300" endx="200" endy="-300" width="0" />
    <line originx="200" originy="100" endx="200" endy="-300" width="0" />
    <sympin number="1" originx="200" originy="0" rotation="180" length="100" width="7.8740157480315" flipped="False">
      <text name="pinname" originx="230" originy="0" style="Default" rotation="0" justify="left" flipped="False" hidden="False" data="VIN" />
      <text name="pindes" originx="140" originy="20" style="Default" rotation="0" justify="lowerright" flipped="False" hidden="False" data="1" />
    </sympin>
    <sympin number="2" originx="200" originy="-100" rotation="180" length="100" width="7.8740157480315" flipped="False">
      <text name="pinname" originx="230" originy="-100" style="Default" rotation="0" justify="left" flipped="False" hidden="False" data="OUT" />
      <text name="pindes" originx="140" originy="-80" style="Default" rotation="0" justify="lowerright" flipped="False" hidden="False" data="2" />
    </sympin>
    <sympin number="3" originx="200" originy="-200" rotation="180" length="100" width="7.8740157480315" flipped="False">
      <text name="pinname" originx="230" originy="-200" style="Default" rotation="0" justify="left" flipped="False" hidden="False" data="GND_1" />
      <text name="pindes" originx="140" originy="-180" style="Default" rotation="0" justify="lowerright" flipped="False" hidden="False" data="3" />
    </sympin>
    <sympin number="4" originx="1200" originy="0" rotation="0" length="100" width="7.8740157480315" flipped="False">
      <text name="pinname" originx="1170" originy="0" style="Default" rotation="0" justify="right" flipped="False" hidden="False" data="FEEDBACK" />
      <text name="pindes" originx="1260" originy="20" style="Default" rotation="0" justify="lowerleft" flipped="False" hidden="False" data="4" />
    </sympin>
    <sympin number="5" originx="1200" originy="-100" rotation="0" length="100" width="7.8740157480315" flipped="False">
      <text name="pinname" originx="1170" originy="-100" style="Default" rotation="0" justify="right" flipped="False" hidden="False" data="\ON\/OFF" />
      <text name="pindes" originx="1260" originy="-80" style="Default" rotation="0" justify="lowerleft" flipped="False" hidden="False" data="5" />
    </sympin>
    <sympin number="6" originx="1200" originy="-200" rotation="0" length="100" width="7.8740157480315" flipped="False">
      <text name="pinname" originx="1170" originy="-200" style="Default" rotation="0" justify="right" flipped="False" hidden="False" data="GND_2" />
      <text name="pindes" originx="1260" originy="-180" style="Default" rotation="0" justify="lowerleft" flipped="False" hidden="False" data="6" />
    </sympin>
  </symbol>
  <component name="LM2576HVS-5.0" designatorprefix="IC" height="0" footprint="KTT0005B">
    <comppin designator="1" sympin="1" pinswap="0" gateswap="0" gate="1" group="1" side="" type="Any" name="VIN" />
    <comppin designator="2" sympin="2" pinswap="0" gateswap="0" gate="1" group="1" side="" type="Any" name="OUT" />
    <comppin designator="3" sympin="3" pinswap="0" gateswap="0" gate="1" group="1" side="" type="Any" name="GND_1" />
    <comppin designator="4" sympin="4" pinswap="0" gateswap="0" gate="1" group="1" side="" type="Any" name="FEEDBACK" />
    <comppin designator="5" sympin="5" pinswap="0" gateswap="0" gate="1" group="1" side="" type="Any" name="|ON|/OFF" />
    <comppin designator="6" sympin="6" pinswap="0" gateswap="0" gate="1" group="1" side="" type="Any" name="GND_2" />
    <attached_symbol gate="1" name="LM2576HVS-5.0" />
    <pinmap designator="1" footprintpin="1" />
    <pinmap designator="2" footprintpin="2" />
    <pinmap designator="3" footprintpin="3" />
    <pinmap designator="4" footprintpin="4" />
    <pinmap designator="5" footprintpin="5" />
    <pinmap designator="6" footprintpin="6" />
    <text name="Datasheet" originx="0" originy="0" style="Default" rotation="0" justify="" flipped="False" hidden="True" data="https://www.arrow.com/en/products/lm2576hvs-5.0/texas-instruments?region=nac" />
    <text name="Description" originx="0" originy="0" style="Default" rotation="0" justify="" flipped="False" hidden="True" data="Conv DC-DC 4V to 60V Inv/Step Down Single-Out 5V 3A 6-Pin(5+Tab) TO-263 Tube" />
    <text name="Arrow Part Number" originx="0" originy="0" style="Default" rotation="0" justify="" flipped="False" hidden="True" data="LM2576HVS-5.0" />
    <text name="Arrow Price/Stock" originx="0" originy="0" style="Default" rotation="0" justify="" flipped="False" hidden="True" data="https://www.arrow.com/en/products/lm2576hvs-5.0/texas-instruments?region=nac" />
    <text name="Manufacturer_Name" originx="0" originy="0" style="Default" rotation="0" justify="" flipped="False" hidden="True" data="Texas Instruments" />
    <text name="Manufacturer_Part_Number" originx="1250" originy="200" style="Default" rotation="0" justify="left" flipped="False" hidden="False" data="LM2576HVS-5.0" />
  </component>
</quadcept_library>
