<?xml version="1.0" encoding="utf-8"?>
<!--/2285664/1265677/2.50/8/4/Relay or Contactor/-->
<quadcept_library>
  <setting unit="mil" />
  <textstyle name="Default" height="47.244094488189" strokewidth="7.8740157480315" charwidth="47.244094488189" />
  <textstyle name="Dimension" height="19.6850393700787" strokewidth="0" charwidth="19.6850393700787" />
  <textstyle name="H127W0635TH00762" height="50" strokewidth="3" charwidth="25" />
  <textstyle name="H15W15TH02" height="59.0551181102362" strokewidth="7.8740157480315" charwidth="59.0551181102362" />
  <padstyle name="c150_h100" surface="False" plated="True" isvia="False" nopaste="True" nomask="True" complex="False" holesize="39.370078740157">
    <padshape layer="TOP" shape="round" width="59.055118110235" height="59.055118110235" />
    <padshape layer="TOP_SOLDER_MASK" shape="round" width="66.929133858267" height="66.929133858267" />
    <padshape layer="INNER" shape="round" width="59.055118110235" height="59.055118110235" />
    <padshape layer="BOTTOM" shape="round" width="59.055118110235" height="59.055118110235" />
    <padshape layer="BOTTOM_SOLDER_MASK" shape="round" width="66.929133858267" height="66.929133858267" />
  </padstyle>
  <padstyle name="s150_h100" surface="False" plated="True" isvia="False" nopaste="True" nomask="True" complex="False" holesize="39.370078740157">
    <padshape layer="TOP" shape="square" width="59.055118110235" height="59.055118110235" />
    <padshape layer="TOP_SOLDER_MASK" shape="square" width="66.929133858267" height="66.929133858267" />
    <padshape layer="INNER" shape="square" width="59.055118110235" height="59.055118110235" />
    <padshape layer="BOTTOM" shape="square" width="59.055118110235" height="59.055118110235" />
    <padshape layer="BOTTOM_SOLDER_MASK" shape="square" width="66.929133858267" height="66.929133858267" />
  </padstyle>
  <footprint name="HFD27005S" originx="0" originy="0" pickpointx="0" pickpointy="0">
    <pcbpin number="1" name="1" style="s150_h100" originx="0" originy="0" rotation="90" />
    <pcbpin number="2" name="4" style="c150_h100" originx="300" originy="0" rotation="90" />
    <pcbpin number="3" name="6" style="c150_h100" originx="499.99999999999" originy="0" rotation="90" />
    <pcbpin number="4" name="8" style="c150_h100" originx="699.99999999999" originy="0" rotation="90" />
    <pcbpin number="5" name="9" style="c150_h100" originx="699.99999999999" originy="300" rotation="90" />
    <pcbpin number="6" name="11" style="c150_h100" originx="499.99999999999" originy="300" rotation="90" />
    <pcbpin number="7" name="13" style="c150_h100" originx="300" originy="300" rotation="90" />
    <pcbpin number="8" name="16" style="c150_h100" originx="0" originy="300" rotation="90" />
    <line layer="TOP_ASSEMBLY" originx="-47.63779527559" originy="-46.850393700787" endx="747.63779527558" endy="-46.850393700787" width="7.8740157480314" />
    <line layer="TOP_ASSEMBLY" originx="747.63779527558" originy="-46.850393700787" endx="747.63779527558" endy="346.85039370078" width="7.8740157480314" />
    <line layer="TOP_ASSEMBLY" originx="747.63779527558" originy="346.85039370078" endx="-47.63779527559" endy="346.85039370078" width="7.8740157480314" />
    <line layer="TOP_ASSEMBLY" originx="-47.63779527559" originy="346.85039370078" endx="-47.63779527559" endy="-46.850393700787" width="7.8740157480314" />
    <line layer="TOP_SILKSCREEN" originx="-47.63779527559" originy="-46.850393700787" endx="747.63779527558" endy="-46.850393700787" width="3.9370078740157" />
    <line layer="TOP_SILKSCREEN" originx="747.63779527558" originy="-46.850393700787" endx="747.63779527558" endy="346.85039370078" width="3.9370078740157" />
    <line layer="TOP_SILKSCREEN" originx="747.63779527558" originy="346.85039370078" endx="-47.63779527559" endy="346.85039370078" width="3.9370078740157" />
    <line layer="TOP_SILKSCREEN" originx="-47.63779527559" originy="346.85039370078" endx="-47.63779527559" endy="-46.850393700787" width="3.9370078740157" />
    <line layer="TOP_PLACE_BOUND" originx="-87.007874015747" originy="-86.220472440944" endx="787.00787401574" endy="-86.220472440944" width="3.9370078740157" />
    <line layer="TOP_PLACE_BOUND" originx="787.00787401574" originy="-86.220472440944" endx="787.00787401574" endy="386.22047244094" width="3.9370078740157" />
    <line layer="TOP_PLACE_BOUND" originx="787.00787401574" originy="386.22047244094" endx="-87.007874015747" endy="386.22047244094" width="3.9370078740157" />
    <line layer="TOP_PLACE_BOUND" originx="-87.007874015747" originy="386.22047244094" endx="-87.007874015747" endy="-86.220472440944" width="3.9370078740157" />
  </footprint>
  <symbol name="HFD27_005-S" originx="0" originy="0">
    <line originx="200" originy="100" endx="1100" endy="100" width="0" />
    <line originx="1100" originy="-400" endx="1100" endy="100" width="0" />
    <line originx="1100" originy="-400" endx="200" endy="-400" width="0" />
    <line originx="200" originy="100" endx="200" endy="-400" width="0" />
    <sympin number="1" originx="200" originy="0" rotation="180" length="100" width="7.8740157480315" flipped="False">
      <text name="pinname" originx="230" originy="0" style="Default" rotation="0" justify="left" flipped="False" hidden="False" data="COIL_1" />
      <text name="pindes" originx="140" originy="20" style="Default" rotation="0" justify="lowerright" flipped="False" hidden="False" data="1" />
    </sympin>
    <sympin number="4" originx="200" originy="-100" rotation="180" length="100" width="7.8740157480315" flipped="False">
      <text name="pinname" originx="230" originy="-100" style="Default" rotation="0" justify="left" flipped="False" hidden="False" data="COM_1" />
      <text name="pindes" originx="140" originy="-80" style="Default" rotation="0" justify="lowerright" flipped="False" hidden="False" data="4" />
    </sympin>
    <sympin number="6" originx="200" originy="-200" rotation="180" length="100" width="7.8740157480315" flipped="False">
      <text name="pinname" originx="230" originy="-200" style="Default" rotation="0" justify="left" flipped="False" hidden="False" data="NC_1" />
      <text name="pindes" originx="140" originy="-180" style="Default" rotation="0" justify="lowerright" flipped="False" hidden="False" data="6" />
    </sympin>
    <sympin number="8" originx="200" originy="-300" rotation="180" length="100" width="7.8740157480315" flipped="False">
      <text name="pinname" originx="230" originy="-300" style="Default" rotation="0" justify="left" flipped="False" hidden="False" data="NO_1" />
      <text name="pindes" originx="140" originy="-280" style="Default" rotation="0" justify="lowerright" flipped="False" hidden="False" data="8" />
    </sympin>
    <sympin number="9" originx="1100" originy="-300" rotation="0" length="100" width="7.8740157480315" flipped="False">
      <text name="pinname" originx="1070" originy="-300" style="Default" rotation="0" justify="right" flipped="False" hidden="False" data="NO_2" />
      <text name="pindes" originx="1160" originy="-280" style="Default" rotation="0" justify="lowerleft" flipped="False" hidden="False" data="9" />
    </sympin>
    <sympin number="11" originx="1100" originy="-200" rotation="0" length="100" width="7.8740157480315" flipped="False">
      <text name="pinname" originx="1070" originy="-200" style="Default" rotation="0" justify="right" flipped="False" hidden="False" data="NC_2" />
      <text name="pindes" originx="1160" originy="-180" style="Default" rotation="0" justify="lowerleft" flipped="False" hidden="False" data="11" />
    </sympin>
    <sympin number="13" originx="1100" originy="-100" rotation="0" length="100" width="7.8740157480315" flipped="False">
      <text name="pinname" originx="1070" originy="-100" style="Default" rotation="0" justify="right" flipped="False" hidden="False" data="COM_2" />
      <text name="pindes" originx="1160" originy="-80" style="Default" rotation="0" justify="lowerleft" flipped="False" hidden="False" data="13" />
    </sympin>
    <sympin number="16" originx="1100" originy="0" rotation="0" length="100" width="7.8740157480315" flipped="False">
      <text name="pinname" originx="1070" originy="0" style="Default" rotation="0" justify="right" flipped="False" hidden="False" data="COIL_2" />
      <text name="pindes" originx="1160" originy="20" style="Default" rotation="0" justify="lowerleft" flipped="False" hidden="False" data="16" />
    </sympin>
  </symbol>
  <component name="HFD27_005-S" designatorprefix="K" height="452.75590551181" footprint="HFD27005S">
    <comppin designator="1" sympin="1" pinswap="0" gateswap="0" gate="1" group="1" side="" type="Any" name="COIL_1" />
    <comppin designator="4" sympin="4" pinswap="0" gateswap="0" gate="1" group="1" side="" type="Any" name="COM_1" />
    <comppin designator="6" sympin="6" pinswap="0" gateswap="0" gate="1" group="1" side="" type="Any" name="NC_1" />
    <comppin designator="8" sympin="8" pinswap="0" gateswap="0" gate="1" group="1" side="" type="Any" name="NO_1" />
    <comppin designator="9" sympin="9" pinswap="0" gateswap="0" gate="1" group="1" side="" type="Any" name="NO_2" />
    <comppin designator="11" sympin="11" pinswap="0" gateswap="0" gate="1" group="1" side="" type="Any" name="NC_2" />
    <comppin designator="13" sympin="13" pinswap="0" gateswap="0" gate="1" group="1" side="" type="Any" name="COM_2" />
    <comppin designator="16" sympin="16" pinswap="0" gateswap="0" gate="1" group="1" side="" type="Any" name="COIL_2" />
    <attached_symbol gate="1" name="HFD27_005-S" />
    <pinmap designator="1" footprintpin="1" />
    <pinmap designator="4" footprintpin="2" />
    <pinmap designator="6" footprintpin="3" />
    <pinmap designator="8" footprintpin="4" />
    <pinmap designator="9" footprintpin="5" />
    <pinmap designator="11" footprintpin="6" />
    <pinmap designator="13" footprintpin="7" />
    <pinmap designator="16" footprintpin="8" />
    <text name="Datasheet" originx="0" originy="0" style="Default" rotation="0" justify="" flipped="False" hidden="True" data="https://www.arrow.com/en/products/hfd27005-s/hongfa-europe-gmbh" />
    <text name="Description" originx="0" originy="0" style="Default" rotation="0" justify="" flipped="False" hidden="True" data="Signal Relay 5VDC 2A DPDT(20.2x10x11.5)mm THT" />
    <text name="Arrow Part Number" originx="0" originy="0" style="Default" rotation="0" justify="" flipped="False" hidden="True" data="HFD27/005-S" />
    <text name="Arrow Price/Stock" originx="0" originy="0" style="Default" rotation="0" justify="" flipped="False" hidden="True" data="https://www.arrow.com/en/products/hfd27005-s/hongfa-europe-gmbh" />
    <text name="Manufacturer_Name" originx="0" originy="0" style="Default" rotation="0" justify="" flipped="False" hidden="True" data="Hongfa" />
    <text name="Manufacturer_Part_Number" originx="1150" originy="200" style="Default" rotation="0" justify="left" flipped="False" hidden="False" data="HFD27/005-S" />
  </component>
</quadcept_library>
