<?xml version="1.0" encoding="utf-8"?>
<!--/660892/1265677/2.50/3/4/MOSFET (N-Channel)/-->
<quadcept_library>
  <setting unit="mil" />
  <textstyle name="Default" height="47.244094488189" strokewidth="7.8740157480315" charwidth="47.244094488189" />
  <textstyle name="Dimension" height="19.6850393700787" strokewidth="0" charwidth="19.6850393700787" />
  <textstyle name="H127W0635TH00762" height="50" strokewidth="3" charwidth="25" />
  <textstyle name="H15W15TH02" height="59.0551181102362" strokewidth="7.8740157480315" charwidth="59.0551181102362" />
  <padstyle name="r300_160" surface="True" plated="False" isvia="False" nopaste="False" nomask="True" complex="False" holesize="0">
    <padshape layer="TOP" shape="rectangle" width="62.992125984251" height="118.11023622047" />
    <padshape layer="TOP_SOLDER_MASK" shape="rectangle" width="70.866141732283" height="125.9842519685" />
    <padshape layer="TOP_SOLDER_PASTE" shape="rectangle" width="62.992125984251" height="118.11023622047" />
  </padstyle>
  <padstyle name="s670" surface="True" plated="False" isvia="False" nopaste="False" nomask="True" complex="False" holesize="0">
    <padshape layer="TOP" shape="square" width="263.77952755905" height="263.77952755905" />
    <padshape layer="TOP_SOLDER_MASK" shape="square" width="271.65354330708" height="271.65354330708" />
    <padshape layer="TOP_SOLDER_PASTE" shape="square" width="263.77952755905" height="263.77952755905" />
  </padstyle>
  <footprint name="STD60NF55LAT4" originx="0" originy="0" pickpointx="0" pickpointy="0">
    <pcbpin number="1" name="1" style="r300_160" originx="150" originy="-90.551181102361" rotation="90" />
    <pcbpin number="2" name="2" style="s670" originx="-111.81102362205" originy="0" rotation="90" />
    <pcbpin number="3" name="3" style="r300_160" originx="150" originy="90.551181102361" rotation="90" />
    <line layer="TOP_ASSEMBLY" originx="-196.85039370078" originy="124.01574803149" endx="43.307086614173" endy="124.01574803149" width="7.8740157480314" />
    <line layer="TOP_ASSEMBLY" originx="43.307086614173" originy="124.01574803149" endx="43.307086614173" endy="-124.01574803149" width="7.8740157480314" />
    <line layer="TOP_ASSEMBLY" originx="43.307086614173" originy="-124.01574803149" endx="-196.85039370078" endy="-124.01574803149" width="7.8740157480314" />
    <line layer="TOP_ASSEMBLY" originx="-196.85039370078" originy="-124.01574803149" endx="-196.85039370078" endy="124.01574803149" width="7.8740157480314" />
    <line layer="TOP_PLACE_BOUND" originx="-263.38582677165" originy="151.5748031496" endx="228.74015748031" endy="151.5748031496" width="3.9370078740157" />
    <line layer="TOP_PLACE_BOUND" originx="228.74015748031" originy="151.5748031496" endx="228.74015748031" endy="-165.35433070866" width="3.9370078740157" />
    <line layer="TOP_PLACE_BOUND" originx="228.74015748031" originy="-165.35433070866" endx="-263.38582677165" endy="-165.35433070866" width="3.9370078740157" />
    <line layer="TOP_PLACE_BOUND" originx="-263.38582677165" originy="-165.35433070866" endx="-263.38582677165" endy="151.5748031496" width="3.9370078740157" />
    <line layer="TOP_SILKSCREEN" originx="149.6062992126" originy="-141.73228346457" endx="149.6062992126" endy="-141.73228346457" width="7.8740157480314" />
    <arc layer="TOP_SILKSCREEN" originx="153.54330708661" originy="-141.73228346457" startangle="180.0" sweepangle="180.0" radius="3.9370078740157" width="7.8740157480314" />
    <line layer="TOP_SILKSCREEN" originx="157.48031496063" originy="-141.73228346457" endx="157.48031496063" endy="-141.73228346457" width="7.8740157480314" />
    <arc layer="TOP_SILKSCREEN" originx="153.54330708661" originy="-141.73228346457" startangle=".0" sweepangle="180.0" radius="3.9370078740157" width="7.8740157480314" />
    <line layer="TOP_SILKSCREEN" originx="43.307086614173" originy="124.01574803149" endx="43.307086614173" endy="-124.01574803149" width="3.9370078740157" />
  </footprint>
  <symbol name="STD60NF55LAT4" originx="0" originy="0">
    <line originx="300" originy="100" endx="300" endy="-100" width="0" />
    <line originx="300" originy="200" endx="300" endy="300" width="0" />
    <line originx="100" originy="0" endx="200" endy="0" width="0" />
    <line originx="200" originy="200" endx="200" endy="0" width="0" />
    <line originx="300" originy="100" endx="230" endy="100" width="0" />
    <line originx="300" originy="200" endx="230" endy="200" width="0" />
    <line originx="230" originy="0" endx="300" endy="0" width="0" />
    <line originx="230" originy="220" endx="230" endy="180" width="0" />
    <line originx="230" originy="-20" endx="230" endy="20" width="0" />
    <line originx="230" originy="80" endx="230" endy="120" width="0" />
    <arc originx="250" originy="100" startangle="180" sweepangle="180" radius="150" width="0" />
    <arc originx="250" originy="100" startangle="180" sweepangle="-180" radius="150" width="0" />
    <sympin number="1" originx="100" originy="0" rotation="180" length="100" width="7.8740157480315" flipped="False">
      <text name="pinname" originx="0" originy="-20" style="Default" rotation="0" justify="upperleft" flipped="False" hidden="True" data="G" />
      <text name="pindes" originx="80" originy="10" style="Default" rotation="0" justify="lowerright" flipped="False" hidden="False" data="1" />
    </sympin>
    <sympin number="2" originx="300" originy="300" rotation="90" length="100" width="7.8740157480315" flipped="False">
      <text name="pinname" originx="320" originy="400" style="Default" rotation="90" justify="upperleft" flipped="False" hidden="True" data="D" />
      <text name="pindes" originx="280" originy="400" style="Default" rotation="90" justify="upperright" flipped="False" hidden="False" data="2" />
    </sympin>
    <sympin number="3" originx="300" originy="-100" rotation="270" length="100" width="7.8740157480315" flipped="False">
      <text name="pinname" originx="320" originy="-200" style="Default" rotation="90" justify="lowerleft" flipped="False" hidden="True" data="S" />
      <text name="pindes" originx="280" originy="-200" style="Default" rotation="90" justify="lowerright" flipped="False" hidden="False" data="3" />
    </sympin>
    <polygon type="polygon">
      <point x="230" y="100" />
      <point x="270" y="120" />
      <point x="270" y="80" />
    </polygon>
  </symbol>
  <component name="STD60NF55LAT4" designatorprefix="Q" height="95.669291338582" footprint="STD60NF55LAT4">
    <comppin designator="1" sympin="1" pinswap="0" gateswap="0" gate="1" group="1" side="" type="Any" name="G" />
    <comppin designator="2" sympin="2" pinswap="0" gateswap="0" gate="1" group="1" side="" type="Any" name="D" />
    <comppin designator="3" sympin="3" pinswap="0" gateswap="0" gate="1" group="1" side="" type="Any" name="S" />
    <attached_symbol gate="1" name="STD60NF55LAT4" />
    <pinmap designator="1" footprintpin="1" />
    <pinmap designator="2" footprintpin="2" />
    <pinmap designator="3" footprintpin="3" />
    <text name="Datasheet" originx="0" originy="0" style="Default" rotation="0" justify="" flipped="False" hidden="True" data="" />
    <text name="Description" originx="0" originy="0" style="Default" rotation="0" justify="" flipped="False" hidden="True" data="MOSFET N-channel 55 V, 0.012 Ohm, 60 A DPAK STripFET(TM) II Power MOSFET" />
    <text name="element14 Part Number" originx="0" originy="0" style="Default" rotation="0" justify="" flipped="False" hidden="True" data="" />
    <text name="element14 Price/Stock" originx="0" originy="0" style="Default" rotation="0" justify="" flipped="False" hidden="True" data="" />
    <text name="Manufacturer_Name" originx="0" originy="0" style="Default" rotation="0" justify="" flipped="False" hidden="True" data="STMicroelectronics" />
    <text name="Manufacturer_Part_Number" originx="450" originy="50" style="Default" rotation="0" justify="left" flipped="False" hidden="False" data="STD60NF55LAT4" />
  </component>
</quadcept_library>
