<?xml version="1.0" encoding="utf-8"?>
<!--/354637/1265677/2.50/4/3/Capacitor Polarised/-->
<quadcept_library>
  <setting unit="mil" />
  <textstyle name="Default" height="47.244094488189" strokewidth="7.8740157480315" charwidth="47.244094488189" />
  <textstyle name="Dimension" height="19.6850393700787" strokewidth="0" charwidth="19.6850393700787" />
  <textstyle name="H127W0635TH00762" height="50" strokewidth="3" charwidth="25" />
  <textstyle name="H15W15TH02" height="59.0551181102362" strokewidth="7.8740157480315" charwidth="59.0551181102362" />
  <padstyle name="r630_250" surface="True" plated="False" isvia="False" nopaste="False" nomask="True" complex="False" holesize="0">
    <padshape layer="TOP" shape="rectangle" width="98.425196850392" height="248.03149606299" />
    <padshape layer="TOP_SOLDER_MASK" shape="rectangle" width="106.29921259842" height="255.90551181102" />
    <padshape layer="TOP_SOLDER_PASTE" shape="rectangle" width="98.425196850392" height="248.03149606299" />
  </padstyle>
  <padstyle name="r500_420" surface="True" plated="False" isvia="False" nopaste="False" nomask="True" complex="False" holesize="0">
    <padshape layer="TOP" shape="rectangle" width="165.35433070866" height="196.85039370078" />
    <padshape layer="TOP_SOLDER_MASK" shape="rectangle" width="173.22834645669" height="204.72440944882" />
    <padshape layer="TOP_SOLDER_PASTE" shape="rectangle" width="165.35433070866" height="196.85039370078" />
  </padstyle>
  <footprint name="MAL215097614E3" originx="0" originy="0" pickpointx="0" pickpointy="0">
    <pcbpin number="1" name="1" style="r630_250" originx="202.75590551181" originy="0" rotation="90" />
    <pcbpin number="2" name="2" style="r630_250" originx="-202.75590551181" originy="0" rotation="90" />
    <pcbpin number="3" name="3" style="r500_420" originx="0" originy="192.91338582677" rotation="90" />
    <pcbpin number="4" name="4" style="r500_420" originx="0" originy="-192.91338582677" rotation="90" />
    <line layer="TOP_PLACE_BOUND" originx="-366.14173228346" originy="314.96062992126" endx="366.14173228346" endy="314.96062992126" width="3.9370078740157" />
    <line layer="TOP_PLACE_BOUND" originx="366.14173228346" originy="314.96062992126" endx="366.14173228346" endy="-314.96062992126" width="3.9370078740157" />
    <line layer="TOP_PLACE_BOUND" originx="366.14173228346" originy="-314.96062992126" endx="-366.14173228346" endy="-314.96062992126" width="3.9370078740157" />
    <line layer="TOP_PLACE_BOUND" originx="-366.14173228346" originy="-314.96062992126" endx="-366.14173228346" endy="314.96062992126" width="3.9370078740157" />
    <line layer="TOP_ASSEMBLY" originx="253.93700787401" originy="126.96850393701" endx="126.96850393701" endy="253.93700787401" width="3.9370078740157" />
    <line layer="TOP_ASSEMBLY" originx="126.96850393701" originy="253.93700787401" endx="-253.93700787401" endy="253.93700787401" width="3.9370078740157" />
    <line layer="TOP_ASSEMBLY" originx="-253.93700787401" originy="253.93700787401" endx="-253.93700787401" endy="-253.93700787401" width="3.9370078740157" />
    <line layer="TOP_ASSEMBLY" originx="-253.93700787401" originy="-253.93700787401" endx="-253.93700787401" endy="-253.93700787401" width="3.9370078740157" />
    <line layer="TOP_ASSEMBLY" originx="-253.93700787401" originy="-253.93700787401" endx="126.96850393701" endy="-253.93700787401" width="3.9370078740157" />
    <line layer="TOP_ASSEMBLY" originx="126.96850393701" originy="-253.93700787401" endx="253.93700787401" endy="-126.96850393701" width="3.9370078740157" />
    <line layer="TOP_ASSEMBLY" originx="253.93700787401" originy="-126.96850393701" endx="253.93700787401" endy="126.96850393701" width="3.9370078740157" />
    <line layer="TOP_SILKSCREEN" originx="342.51968503937" originy="0" endx="342.51968503937" endy="0" width="3.9370078740157" />
    <arc layer="TOP_SILKSCREEN" originx="344.48818897637" originy="0" startangle="180.0" sweepangle="180.0" radius="1.9685039370079" width="3.9370078740157" />
    <line layer="TOP_SILKSCREEN" originx="346.45669291338" originy="0" endx="346.45669291338" endy="0" width="3.9370078740157" />
    <arc layer="TOP_SILKSCREEN" originx="344.48818897637" originy="0" startangle=".0" sweepangle="180.0" radius="1.9685039370079" width="3.9370078740157" />
    <line layer="TOP_SILKSCREEN" originx="-118.11023622047" originy="-253.93700787401" endx="-253.93700787401" endy="-253.93700787401" width="7.8740157480314" />
    <line layer="TOP_SILKSCREEN" originx="-253.93700787401" originy="-253.93700787401" endx="-253.93700787401" endy="-70.866141732283" width="7.8740157480314" />
    <line layer="TOP_SILKSCREEN" originx="-253.93700787401" originy="70.866141732283" endx="-253.93700787401" endy="253.93700787401" width="7.8740157480314" />
    <line layer="TOP_SILKSCREEN" originx="-253.93700787401" originy="253.93700787401" endx="-118.11023622047" endy="253.93700787401" width="7.8740157480314" />
    <line layer="TOP_SILKSCREEN" originx="126.96850393701" originy="253.93700787401" endx="253.93700787401" endy="126.96850393701" width="7.8740157480314" />
    <line layer="TOP_SILKSCREEN" originx="253.93700787401" originy="126.96850393701" endx="253.93700787401" endy="70.866141732283" width="7.8740157480314" />
    <line layer="TOP_SILKSCREEN" originx="126.96850393701" originy="-253.93700787401" endx="253.93700787401" endy="-126.96850393701" width="7.8740157480314" />
    <line layer="TOP_SILKSCREEN" originx="253.93700787401" originy="-126.96850393701" endx="253.93700787401" endy="-70.866141732283" width="7.8740157480314" />
  </footprint>
  <symbol name="MAL215097614E3" originx="0" originy="0">
    <line originx="200" originy="600" endx="600" endy="600" width="0" />
    <line originx="600" originy="-600" endx="600" endy="600" width="0" />
    <line originx="600" originy="-600" endx="200" endy="-600" width="0" />
    <line originx="200" originy="600" endx="200" endy="-600" width="0" />
    <sympin number="1" originx="600" originy="0" rotation="0" length="100" width="7.8740157480315" flipped="False">
      <text name="pinname" originx="570" originy="0" style="Default" rotation="0" justify="right" flipped="False" hidden="False" data="+" />
      <text name="pindes" originx="660" originy="20" style="Default" rotation="0" justify="lowerleft" flipped="False" hidden="False" data="1" />
    </sympin>
    <sympin number="2" originx="200" originy="0" rotation="180" length="100" width="7.8740157480315" flipped="False">
      <text name="pinname" originx="230" originy="0" style="Default" rotation="0" justify="left" flipped="False" hidden="False" data="-" />
      <text name="pindes" originx="140" originy="20" style="Default" rotation="0" justify="lowerright" flipped="False" hidden="False" data="2" />
    </sympin>
    <sympin number="3" originx="400" originy="600" rotation="90" length="100" width="7.8740157480315" flipped="False">
      <text name="pinname" originx="400" originy="570" style="Default" rotation="0" justify="right" flipped="False" hidden="False" data="DUMMY_1" />
      <text name="pindes" originx="380" originy="660" style="Default" rotation="0" justify="lowerleft" flipped="False" hidden="False" data="3" />
    </sympin>
    <sympin number="4" originx="400" originy="-600" rotation="270" length="100" width="7.8740157480315" flipped="False">
      <text name="pinname" originx="400" originy="-570" style="Default" rotation="0" justify="left" flipped="False" hidden="False" data="DUMMY_2" />
      <text name="pindes" originx="380" originy="-660" style="Default" rotation="0" justify="lowerright" flipped="False" hidden="False" data="4" />
    </sympin>
  </symbol>
  <component name="MAL215097614E3" designatorprefix="C" height="649.60629921259" footprint="MAL215097614E3">
    <comppin designator="1" sympin="1" pinswap="0" gateswap="0" gate="1" group="1" side="" type="Any" name="+" />
    <comppin designator="2" sympin="2" pinswap="0" gateswap="0" gate="1" group="1" side="" type="Any" name="-" />
    <comppin designator="3" sympin="3" pinswap="0" gateswap="0" gate="1" group="1" side="" type="Any" name="DUMMY_1" />
    <comppin designator="4" sympin="4" pinswap="0" gateswap="0" gate="1" group="1" side="" type="Any" name="DUMMY_2" />
    <attached_symbol gate="1" name="MAL215097614E3" />
    <pinmap designator="1" footprintpin="1" />
    <pinmap designator="2" footprintpin="2" />
    <pinmap designator="3" footprintpin="3" />
    <pinmap designator="4" footprintpin="4" />
    <text name="Datasheet" originx="0" originy="0" style="Default" rotation="0" justify="" flipped="False" hidden="True" data="https://www.vishay.com/docs/28395/150crz.pdf" />
    <text name="Description" originx="0" originy="0" style="Default" rotation="0" justify="" flipped="False" hidden="True" data="VISHAY - MAL215097614E3 - SMD Aluminium Electrolytic Capacitor, Radial Can - SMD, 1000 F, 25 V, 5000 hours @ 105C, Polar" />
    <text name="Mouser Part Number" originx="0" originy="0" style="Default" rotation="0" justify="" flipped="False" hidden="True" data="594-MAL215097614E3" />
    <text name="Mouser Price/Stock" originx="0" originy="0" style="Default" rotation="0" justify="" flipped="False" hidden="True" data="https://www.mouser.co.uk/ProductDetail/Vishay-BC-Components/MAL215097614E3?qs=dEWVFCiHFQUcZyNG8F0JNw%3D%3D" />
    <text name="Manufacturer_Name" originx="0" originy="0" style="Default" rotation="0" justify="" flipped="False" hidden="True" data="Vishay" />
    <text name="Manufacturer_Part_Number" originx="650" originy="700" style="Default" rotation="0" justify="left" flipped="False" hidden="False" data="MAL215097614E3" />
  </component>
</quadcept_library>
